old	new	source
active-macro-mapping-table-macros	eseq.macros/active-macro-mapping-table-macros	crates/sequencer/ui/macros.lisp
agent-current-conv	eseq.agent/agent-current-conv	crates/sequencer/ui/agent.lisp
agent-open	eseq.agent/agent-open	crates/sequencer/ui/agent.lisp
agent-submit-current	eseq.agent/agent-submit-current	crates/sequencer/ui/agent.lisp
aqua-color	eseq.materials/color	crates/sequencer/ui/materials.lisp
aqua-slider-material	eseq.materials/slider-material	crates/sequencer/ui/materials.lisp
aqua-slider-muted-material	eseq.materials/slider-muted-material	crates/sequencer/ui/materials.lisp
aqua-slider-track-material	eseq.materials/slider-track-material	crates/sequencer/ui/materials.lisp
aqua-slider-track-muted-material	eseq.materials/slider-track-muted-material	crates/sequencer/ui/materials.lisp
arrangement-channel	eseq.arrangement/channel	crates/sequencer/ui/arrangement.lisp
arrangement-clip-color	eseq.arrangement/clip-color	crates/sequencer/ui/arrangement.lisp
arrangement-clip-cycle	eseq.arrangement/clip-cycle	crates/sequencer/ui/arrangement.lisp
arrangement-clip-sound-dot	eseq.arrangement/clip-sound-dot	crates/sequencer/ui/arrangement.lisp
arrangement-content-length	eseq.arrangement/content-length	crates/sequencer/ui/arrangement.lisp
arrangement-content-length-min	eseq.arrangement/content-length-min	crates/sequencer/ui/arrangement.lisp
arrangement-cursor-time	eseq.arrangement/cursor-time	crates/sequencer/ui/arrangement.lisp
arrangement-cursor-track	eseq.arrangement/cursor-track	crates/sequencer/ui/arrangement.lisp
arrangement-drop-scene	eseq.arrangement/drop-scene	crates/sequencer/ui/arrangement.lisp
arrangement-ghost	eseq.arrangement/ghost	crates/sequencer/ui/arrangement.lisp
arrangement-lane-cursor-time	eseq.arrangement/lane-cursor-time	crates/sequencer/ui/arrangement.lisp
arrangement-lane-pattern-events	eseq.arrangement/lane-pattern-events	crates/sequencer/ui/arrangement.lisp
arrangement-lane-region-rect	eseq.arrangement/lane-region-rect	crates/sequencer/ui/arrangement.lisp
arrangement-lane-selection	eseq.arrangement/lane-selection	crates/sequencer/ui/arrangement.lisp
arrangement-pattern-dots	eseq.arrangement/pattern-dots	crates/sequencer/ui/arrangement.lisp
arrangement-region-ghost	eseq.arrangement/region-ghost	crates/sequencer/ui/arrangement.lisp
arrangement-region-other-track	eseq.arrangement/region-other-track	crates/sequencer/ui/arrangement.lisp
arrangement-scene-action	eseq.arrangement/scene-action	crates/sequencer/ui/arrangement.lisp
arrangement-scene-items	eseq.arrangement/scene-items	crates/sequencer/ui/arrangement.lisp
arrangement-scene-name	eseq.arrangement/scene-name	crates/sequencer/ui/arrangement.lisp
arrangement-scroll-extent	eseq.arrangement/scroll-extent	crates/sequencer/ui/arrangement.lisp
arrangement-selected-track	eseq.arrangement/selected-track	crates/sequencer/ui/arrangement.lisp
arrangement-selection	eseq.arrangement/selection	crates/sequencer/ui/arrangement.lisp
arrangement-track-action	eseq.arrangement/track-action	crates/sequencer/ui/arrangement.lisp
arrangement-track-clips	eseq.arrangement/track-clips	crates/sequencer/ui/arrangement.lisp
arrangement-track-drag	eseq.arrangement/track-drag	crates/sequencer/ui/arrangement.lisp
arrangement-track-drag-kind	eseq.arrangement/track-drag-kind	crates/sequencer/ui/arrangement.lisp
arrangement-track-items	eseq.arrangement/track-items	crates/sequencer/ui/arrangement.lisp
arrangement-track-row-pitch	eseq.arrangement/track-row-pitch	crates/sequencer/ui/arrangement.lisp
arrangement-track-selection	eseq.arrangement/track-selection	crates/sequencer/ui/arrangement.lisp
arrangement-view-duration	eseq.arrangement/view-duration	crates/sequencer/ui/arrangement.lisp
arrangement-view-start	eseq.arrangement/view-start	crates/sequencer/ui/arrangement.lisp
arrangement-visible-ordinal	eseq.arrangement/visible-ordinal	crates/sequencer/ui/arrangement.lisp
audio-fx-panel-body	eseq.effects.panel-bodies/audio-fx-panel-body	crates/sequencer/ui/effects/panel-bodies.lisp
audio-fx-ui-param	eseq.effects.custom-effect-ui/audio-fx-ui-param	crates/sequencer/ui/effects/custom-effect-ui.lisp
audio-fx-ui-param-control	eseq.effects.custom-effect-ui/audio-fx-ui-param-control	crates/sequencer/ui/effects/custom-effect-ui.lisp
base-note	eseq.effects.custom-ui-runtime/base-note	crates/sequencer/ui/effects/custom-ui-runtime.lisp
base-note-c	eseq.effects.custom-ui-controls/base-note-c	crates/sequencer/ui/effects/custom-ui-controls.lisp
builtin-audio-fx-ui	eseq.effects.builtin.audio-fx/builtin-audio-fx-ui	crates/sequencer/ui/effects/builtin/audio-fx.lisp
builtin-fx-eq8-source	eseq.effects.builtin.eq8/eq8-source	crates/sequencer/ui/effects/builtin/eq8.lisp
builtin-fx-filter-band	eseq.effects.builtin.filter-core/builtin-fx-filter-band	crates/sequencer/ui/effects/builtin/filter-core.lisp
builtin-fx-filter-cutoff-knob	eseq.effects.builtin.filter-core/builtin-fx-filter-cutoff-knob	crates/sequencer/ui/effects/builtin/filter-core.lisp
builtin-fx-filter-mini-cutoff	eseq.effects.builtin.filter-core/builtin-fx-filter-mini-cutoff	crates/sequencer/ui/effects/builtin/filter-core.lisp
builtin-fx-filter-mini-number	eseq.effects.builtin.filter-core/builtin-fx-filter-mini-number	crates/sequencer/ui/effects/builtin/filter-core.lisp
builtin-fx-filter-mini-option	eseq.effects.builtin.filter-core/builtin-fx-filter-mini-option	crates/sequencer/ui/effects/builtin/filter-core.lisp
builtin-fx-filter-mini-percent	eseq.effects.builtin.filter-core/builtin-fx-filter-mini-percent	crates/sequencer/ui/effects/builtin/filter-core.lisp
builtin-fx-filter-resonance-knob	eseq.effects.builtin.filter-core/builtin-fx-filter-resonance-knob	crates/sequencer/ui/effects/builtin/filter-core.lisp
builtin-fx-filter-sync-label	eseq.effects.builtin.filter-core/builtin-fx-filter-sync-label	crates/sequencer/ui/effects/builtin/filter-core.lisp
builtin-fx-handle-filter-curve-action	eseq.effects.builtin.filter-core/builtin-fx-handle-filter-curve-action	crates/sequencer/ui/effects/builtin/filter-core.lisp
builtin-fx-multiverb-apply-preset	eseq.effects.builtin.multiverb/builtin-fx-multiverb-apply-preset	crates/sequencer/ui/effects/builtin/multiverb.lisp
builtin-fx-param	eseq.effects.builtin.filter-core/builtin-fx-param	crates/sequencer/ui/effects/builtin/filter-core.lisp
builtin-fx-param-subtree-key	eseq.effects.builtin.filter-core/builtin-fx-param-subtree-key	crates/sequencer/ui/effects/builtin/filter-core.lisp
builtin-fx-phaser-flanger-source	eseq.effects.builtin.phaser-flanger/analyzer-source	crates/sequencer/ui/effects/builtin/phaser-flanger.lisp
builtin-fx-set-effect-option	eseq.effects.builtin.filter-core/builtin-fx-set-effect-option	crates/sequencer/ui/effects/builtin/filter-core.lisp
bus-current-page	eseq.bus-grid/bus-current-page	crates/sequencer/ui/bus-grid.lisp
bus-current-step	eseq.bus-grid/bus-current-step	crates/sequencer/ui/bus-grid.lisp
bus-delete-selected-steps	eseq.bus-grid/bus-delete-selected-steps	crates/sequencer/ui/bus-grid.lisp
bus-goto-page	eseq.bus-grid/bus-goto-page	crates/sequencer/ui/bus-grid.lisp
bus-page-count	eseq.bus-grid/bus-page-count	crates/sequencer/ui/bus-grid.lisp
bus-page-panel-width	eseq.bus-grid/bus-page-panel-width	crates/sequencer/ui/bus-grid.lisp
bus-select-all-steps	eseq.bus-grid/bus-select-all-steps	crates/sequencer/ui/bus-grid.lisp
bus-select-step-range	eseq.bus-grid/bus-select-step-range	crates/sequencer/ui/bus-grid.lisp
bus-seq-list	eseq.bus-grid/bus-seq-list	crates/sequencer/ui/bus-grid.lisp
bus-seq-param-max	eseq.bus-grid/bus-seq-param-max	crates/sequencer/ui/bus-grid.lisp
bus-seq-param-min	eseq.bus-grid/bus-seq-param-min	crates/sequencer/ui/bus-grid.lisp
bus-seq-param-name	eseq.bus-grid/bus-seq-param-name	crates/sequencer/ui/bus-grid.lisp
bus-seq-param-values	eseq.bus-grid/bus-seq-param-values	crates/sequencer/ui/bus-grid.lisp
bus-seq-playhead	eseq.bus-grid/bus-seq-playhead	crates/sequencer/ui/bus-grid.lisp
bus-seq-timebase	eseq.bus-grid/bus-seq-timebase	crates/sequencer/ui/bus-grid.lisp
bus-set-selected-step-param	eseq.bus-grid/bus-set-selected-step-param	crates/sequencer/ui/bus-grid.lisp
bus-set-sequencer-label	eseq.bus-grid/bus-set-sequencer-label	crates/sequencer/ui/bus-grid.lisp
bus-set-step-param	eseq.bus-grid/bus-set-step-param	crates/sequencer/ui/bus-grid.lisp
bus-shift-selected-steps	eseq.bus-grid/bus-shift-selected-steps	crates/sequencer/ui/bus-grid.lisp
bus-step-active?	eseq.bus-grid/bus-step-active?	crates/sequencer/ui/bus-grid.lisp
bus-step-double-click	eseq.step-grid-interactions/bus-step-double-click	crates/sequencer/ui/step-grid-interactions.lisp
bus-step-index	eseq.bus-grid/bus-step-index	crates/sequencer/ui/bus-grid.lisp
bus-step-pointer-down	eseq.bus-grid/bus-step-pointer-down	crates/sequencer/ui/bus-grid.lisp
bus-step-pointer-up	eseq.bus-grid/bus-step-pointer-up	crates/sequencer/ui/bus-grid.lisp
bus-step-select-drag-over	eseq.bus-grid/bus-step-select-drag-over	crates/sequencer/ui/bus-grid.lisp
bus-step-select-drag-start	eseq.bus-grid/bus-step-select-drag-start	crates/sequencer/ui/bus-grid.lisp
bus-step-visible?	eseq.bus-grid/bus-step-visible?	crates/sequencer/ui/bus-grid.lisp
bus-toggle-step	eseq.bus-grid/bus-toggle-step	crates/sequencer/ui/bus-grid.lisp
choose-model	eseq.choose-model/choose-model	crates/sequencer/ui/choose-model.lisp
choose-model-close	eseq.choose-model/close	crates/sequencer/ui/choose-model.lisp
choose-model-current	eseq.choose-model/current	crates/sequencer/ui/choose-model.lisp
choose-model-current-label	eseq.choose-model/current-label	crates/sequencer/ui/choose-model.lisp
choose-model-open	eseq.choose-model/open	crates/sequencer/ui/choose-model.lisp
choose-model-open?	eseq.choose-model/open?	crates/sequencer/ui/choose-model.lisp
choose-model-panel	eseq.choose-model/panel	crates/sequencer/ui/choose-model.lisp
choose-model-select	eseq.choose-model/select-model	crates/sequencer/ui/choose-model.lisp
cmd-click?	eseq.step-grid-interactions/cmd-click?	crates/sequencer/ui/step-grid-interactions.lisp
cool-off-follow	eseq.seq-core-state/cool-off-follow	crates/sequencer/ui/seq-core-state.lisp
current-step	eseq.seq-core-state/current-step	crates/sequencer/ui/seq-core-state.lisp
cursor-left	eseq.step-grid-interactions/cursor-left	crates/sequencer/ui/step-grid-interactions.lisp
cursor-num-steps	eseq.seq-core-state/cursor-num-steps	crates/sequencer/ui/seq-core-state.lisp
cursor-right	eseq.step-grid-interactions/cursor-right	crates/sequencer/ui/step-grid-interactions.lisp
cursor-select-left	eseq.step-grid-interactions/cursor-select-left	crates/sequencer/ui/step-grid-interactions.lisp
cursor-select-right	eseq.step-grid-interactions/cursor-select-right	crates/sequencer/ui/step-grid-interactions.lisp
cursor-step-value	eseq.seq-core-state/cursor-step-value	crates/sequencer/ui/seq-core-state.lisp
cursor-toggle	eseq.step-grid-interactions/cursor-toggle	crates/sequencer/ui/step-grid-interactions.lisp
custom-ui-adsr-stage-active?	eseq.effects.custom-ui-sections/custom-ui-adsr-stage-active?	crates/sequencer/ui/effects/custom-ui-sections.lisp
custom-ui-current-base-note-param	eseq.effects.custom-ui-runtime/custom-ui-current-base-note-param	crates/sequencer/ui/effects/custom-ui-runtime.lisp
custom-ui-current-param	eseq.effects.custom-ui-runtime/custom-ui-current-param	crates/sequencer/ui/effects/custom-ui-runtime.lisp
custom-ui-current-scope	eseq.effects.custom-ui-runtime/custom-ui-current-scope	crates/sequencer/ui/effects/custom-ui-runtime.lisp
custom-ui-current-tensor-param	eseq.effects.custom-ui-runtime/custom-ui-current-tensor-param	crates/sequencer/ui/effects/custom-ui-runtime.lisp
custom-ui-option-index	eseq.effects.param-controls/custom-ui-option-index	crates/sequencer/ui/effects/param-controls.lisp
custom-ui-param-base-max-prop	eseq.effects.custom-ui-runtime/custom-ui-param-base-max-prop	crates/sequencer/ui/effects/custom-ui-runtime.lisp
custom-ui-param-base-min-prop	eseq.effects.custom-ui-runtime/custom-ui-param-base-min-prop	crates/sequencer/ui/effects/custom-ui-runtime.lisp
custom-ui-param-base-value-prop	eseq.effects.custom-ui-runtime/custom-ui-param-base-value-prop	crates/sequencer/ui/effects/custom-ui-runtime.lisp
custom-ui-param-binding	eseq.effects.custom-ui-runtime/custom-ui-param-binding	crates/sequencer/ui/effects/custom-ui-runtime.lisp
custom-ui-param-change-callback	eseq.effects.custom-ui-runtime/custom-ui-param-change-callback	crates/sequencer/ui/effects/custom-ui-runtime.lisp
custom-ui-param-change-callback-s	eseq.effects.custom-ui-runtime/custom-ui-param-change-callback-s	crates/sequencer/ui/effects/custom-ui-runtime.lisp
custom-ui-param-control-key-mode	eseq.effects.custom-ui-runtime/custom-ui-param-control-key-mode	crates/sequencer/ui/effects/custom-ui-runtime.lisp
custom-ui-param-control-max	eseq.effects.custom-ui-runtime/custom-ui-param-control-max	crates/sequencer/ui/effects/custom-ui-runtime.lisp
custom-ui-param-control-min	eseq.effects.custom-ui-runtime/custom-ui-param-control-min	crates/sequencer/ui/effects/custom-ui-runtime.lisp
custom-ui-param-in-scope	eseq.effects.custom-ui-runtime/custom-ui-param-in-scope	crates/sequencer/ui/effects/custom-ui-runtime.lisp
custom-ui-param-knob-mod-depth-prop	eseq.effects.custom-ui-runtime/custom-ui-param-knob-mod-depth-prop	crates/sequencer/ui/effects/custom-ui-runtime.lisp
custom-ui-param-knob-mod-slot-prop	eseq.effects.custom-ui-runtime/custom-ui-param-knob-mod-slot-prop	crates/sequencer/ui/effects/custom-ui-runtime.lisp
custom-ui-param-mod-wrapper	eseq.effects.custom-ui-runtime/custom-ui-param-mod-wrapper	crates/sequencer/ui/effects/custom-ui-runtime.lisp
custom-ui-param-plock-active?	eseq.effects.custom-ui-runtime/custom-ui-param-plock-active?	crates/sequencer/ui/effects/custom-ui-runtime.lisp
custom-ui-param-plock-default	eseq.effects.custom-ui-runtime/custom-ui-param-plock-default	crates/sequencer/ui/effects/custom-ui-runtime.lisp
custom-ui-param-plock-text-color	eseq.effects.custom-ui-runtime/custom-ui-param-plock-text-color	crates/sequencer/ui/effects/custom-ui-runtime.lisp
custom-ui-param-value	eseq.effects.custom-ui-runtime/custom-ui-param-value	crates/sequencer/ui/effects/custom-ui-runtime.lisp
custom-ui-scope-name	eseq.effects.custom-ui-runtime/custom-ui-scope-name	crates/sequencer/ui/effects/custom-ui-runtime.lisp
custom-ui-select-section-in-scope	eseq.effects.custom-ui-sections/custom-ui-select-section-in-scope	crates/sequencer/ui/effects/custom-ui-sections.lisp
custom-ui-selected-mod-slot-prop	eseq.effects.custom-ui-runtime/custom-ui-selected-mod-slot-prop	crates/sequencer/ui/effects/custom-ui-runtime.lisp
custom-ui-selected-section-for-current-scope	eseq.effects.custom-ui-sections/custom-ui-selected-section-for-current-scope	crates/sequencer/ui/effects/custom-ui-sections.lisp
custom-ui-selected-sections	eseq.effects.custom-ui-sections/custom-ui-selected-sections	crates/sequencer/ui/effects/custom-ui-sections.lisp
custom-ui-set-active-adsr	eseq.effects.custom-ui-sections/custom-ui-set-active-adsr	crates/sequencer/ui/effects/custom-ui-sections.lisp
custom-ui-set-adsr-in-scope	eseq.effects.custom-ui-runtime/custom-ui-set-adsr-in-scope	crates/sequencer/ui/effects/custom-ui-runtime.lisp
custom-ui-set-param	eseq.effects.custom-ui-runtime/custom-ui-set-param	crates/sequencer/ui/effects/custom-ui-runtime.lisp
custom-ui-set-param-by-name-in-scope	eseq.effects.custom-ui-runtime/custom-ui-set-param-by-name-in-scope	crates/sequencer/ui/effects/custom-ui-runtime.lisp
custom-ui-set-param-in-scope	eseq.effects.custom-ui-runtime/custom-ui-set-param-in-scope	crates/sequencer/ui/effects/custom-ui-runtime.lisp
custom-ui-tensor-bound-values	eseq.effects.custom-ui-runtime/custom-ui-tensor-bound-values	crates/sequencer/ui/effects/custom-ui-runtime.lisp
custom-ui-tensor-cell-change-callback	eseq.effects.custom-ui-runtime/custom-ui-tensor-cell-change-callback	crates/sequencer/ui/effects/custom-ui-runtime.lisp
custom-ui-tensor-cell-change-callback-s	eseq.effects.custom-ui-runtime/custom-ui-tensor-cell-change-callback-s	crates/sequencer/ui/effects/custom-ui-runtime.lisp
delete-selected-steps	eseq.step-grid-interactions/delete-selected-steps	crates/sequencer/ui/step-grid-interactions.lisp
double-track-pattern	eseq.seq-grid-mode/double-track-pattern	crates/sequencer/ui/seq-grid-mode.lisp
drum-step-cursor-pad	eseq.step-grid-interactions/drum-step-cursor-pad	crates/sequencer/ui/step-grid-interactions.lisp
drum-step-cursor-track	eseq.step-grid-interactions/drum-step-cursor-track	crates/sequencer/ui/step-grid-interactions.lisp
drum-step-double-click	eseq.step-grid-interactions/drum-step-double-click	crates/sequencer/ui/step-grid-interactions.lisp
drum-step-pointer-down	eseq.step-grid-interactions/drum-step-pointer-down	crates/sequencer/ui/step-grid-interactions.lisp
drum-step-pointer-up	eseq.step-grid-interactions/drum-step-pointer-up	crates/sequencer/ui/step-grid-interactions.lisp
drum-step-select-drag-over	eseq.step-grid-interactions/drum-step-select-drag-over	crates/sequencer/ui/step-grid-interactions.lisp
drum-step-set-cursor	eseq.step-grid-interactions/drum-step-set-cursor	crates/sequencer/ui/step-grid-interactions.lisp
duration-slider-position	eseq.step-grid-interactions/duration-slider-position	crates/sequencer/ui/step-grid-interactions.lisp
duration-slider-value	eseq.step-grid-interactions/duration-slider-value	crates/sequencer/ui/step-grid-interactions.lisp
effect-mod-control-panel	eseq.effects.effect-modulation/mod-control-panel	crates/sequencer/ui/effects/effect-modulation.lisp
effect-mods-active?	eseq.effects.param-controls/effect-mods-active?	crates/sequencer/ui/effects/param-controls.lisp
effect-mods-bus	eseq.effects.state/effect-mods-bus	crates/sequencer/ui/effects/state.lisp
effect-mods-chain	eseq.effects.state/effect-mods-chain	crates/sequencer/ui/effects/state.lisp
effect-mods-open	eseq.effects.state/effect-mods-open	crates/sequencer/ui/effects/state.lisp
effect-mods-rack-slot	eseq.effects.state/effect-mods-rack-slot	crates/sequencer/ui/effects/state.lisp
effect-mods-slot	eseq.effects.state/effect-mods-slot	crates/sequencer/ui/effects/state.lisp
effect-mods-toggle-button	eseq.effects.effect-panels/effect-mods-toggle-button	crates/sequencer/ui/effects/effect-panels.lisp
effect-mods-track	eseq.effects.state/effect-mods-track	crates/sequencer/ui/effects/state.lisp
effect-selected-mod-slot	eseq.effects.state/effect-selected-mod-slot	crates/sequencer/ui/effects/state.lisp
enabled-param	eseq.effects.effect-panels/enabled-param	crates/sequencer/ui/effects/effect-panels.lisp
fx-copy-values-to-all-scenes	eseq.effects.panel-frame/fx-copy-values-to-all-scenes	crates/sequencer/ui/effects/panel-frame.lisp
fx-delete-selected-effect	eseq.effects.panel-widgets/delete-selected-effect	crates/sequencer/ui/effects/panel-widgets.lisp
fx-delete-selected-plock-row-key	eseq.effects.buffers/delete-selected-plock-row-key	crates/sequencer/ui/effects/buffers.lisp
fx-drop-existing-effect	eseq.effects.drag-drop/drop-existing-effect	crates/sequencer/ui/effects/drag-drop.lisp
fx-drop-on-effect	eseq.effects.drag-drop/drop-on-effect	crates/sequencer/ui/effects/drag-drop.lisp
fx-empty-track-fallback	eseq.effects.buffers/empty-track-fallback	crates/sequencer/ui/effects/buffers.lisp
fx-enabled-toggle	eseq.effects.effect-panels/enabled-toggle	crates/sequencer/ui/effects/effect-panels.lisp
fx-fixed-panel-height	eseq.effects.state/fx-fixed-panel-height	crates/sequencer/ui/effects/state.lisp
fx-has-modulators?	eseq.effects.param-controls/fx-has-modulators?	crates/sequencer/ui/effects/param-controls.lisp
fx-list-contains?	eseq.effects.param-grid/fx-list-contains?	crates/sequencer/ui/effects/param-grid.lisp
fx-panel	eseq.effects.effect-panels/fx-panel	crates/sequencer/ui/effects/effect-panels.lisp
fx-panel-body	eseq.effects.panel-frame/fx-panel-body	crates/sequencer/ui/effects/panel-frame.lisp
fx-panel-body-content-height	eseq.effects.state/fx-panel-body-content-height	crates/sequencer/ui/effects/state.lisp
fx-panel-header-height	eseq.effects.state/fx-panel-header-height	crates/sequencer/ui/effects/state.lisp
fx-panel-header-leading-spacer	eseq.effects.panel-frame/fx-panel-header-leading-spacer	crates/sequencer/ui/effects/panel-frame.lisp
fx-param-grid	eseq.effects.param-grid/fx-param-grid	crates/sequencer/ui/effects/param-grid.lisp
fx-param-numeric-value	eseq.effects.param-controls/fx-param-numeric-value	crates/sequencer/ui/effects/param-controls.lisp
fx-param-on-for?	eseq.effects.param-controls/fx-param-on-for?	crates/sequencer/ui/effects/param-controls.lisp
fx-param-on?	eseq.effects.param-controls/fx-param-on?	crates/sequencer/ui/effects/param-controls.lisp
fx-param-row	eseq.effects.param-grid/fx-param-row	crates/sequencer/ui/effects/param-grid.lisp
fx-param-text-value-for	eseq.effects.param-controls/fx-param-text-value-for	crates/sequencer/ui/effects/param-controls.lisp
fx-param-value	eseq.effects.param-controls/fx-param-value	crates/sequencer/ui/effects/param-controls.lisp
fx-param-value-for	eseq.effects.param-controls/fx-param-value-for	crates/sequencer/ui/effects/param-controls.lisp
fx-plock-chip-click	eseq.effects.track-panels/plock-chip-click	crates/sequencer/ui/effects/track-panels.lisp
fx-plock-row-selected?	eseq.effects.track-panels/plock-row-selected?	crates/sequencer/ui/effects/track-panels.lisp
fx-select-bus-effect	eseq.effects.panel-widgets/select-bus-effect	crates/sequencer/ui/effects/panel-widgets.lisp
fx-select-effect	eseq.effects.panel-widgets/select-effect	crates/sequencer/ui/effects/panel-widgets.lisp
fx-select-midi-effect	eseq.effects.panel-widgets/select-midi-effect	crates/sequencer/ui/effects/panel-widgets.lisp
fx-select-rack-effect	eseq.effects.panel-widgets/select-rack-effect	crates/sequencer/ui/effects/panel-widgets.lisp
fx-selected-plock-row	eseq.effects.track-panels/selected-plock-row	crates/sequencer/ui/effects/track-panels.lisp
fx-set-effect-value	eseq.effects.param-controls/fx-set-effect-value	crates/sequencer/ui/effects/param-controls.lisp
fx-set-instrument-option	eseq.effects.param-controls/fx-set-instrument-option	crates/sequencer/ui/effects/param-controls.lisp
fx-set-instrument-value	eseq.effects.param-controls/fx-set-instrument-value	crates/sequencer/ui/effects/param-controls.lisp
fx-step-parameters-panel	eseq.effects.track-panels/step-parameters-panel	crates/sequencer/ui/effects/track-panels.lisp
fx-toggle-effect-value	eseq.effects.param-controls/fx-toggle-effect-value	crates/sequencer/ui/effects/param-controls.lisp
fx-toggle-instrument-value	eseq.effects.param-controls/fx-toggle-instrument-value	crates/sequencer/ui/effects/param-controls.lisp
fx-track-plocks-panel	eseq.effects.track-panels/track-plocks-panel	crates/sequencer/ui/effects/track-panels.lisp
halve-track-pattern	eseq.seq-grid-mode/halve-track-pattern	crates/sequencer/ui/seq-grid-mode.lisp
header-actions-menu	eseq.effects.panel-frame/header-actions-menu	crates/sequencer/ui/effects/panel-frame.lisp
inst-base-note-param	eseq.effects.custom-ui-runtime/inst-base-note-param	crates/sequencer/ui/effects/custom-ui-runtime.lisp
inst-param	eseq.effects.custom-ui-runtime/inst-param	crates/sequencer/ui/effects/custom-ui-runtime.lisp
instrument-copy-values-to-all-scenes	eseq.effects.panel-frame/instrument-copy-values-to-all-scenes	crates/sequencer/ui/effects/panel-frame.lisp
instrument-header-actions-menu	eseq.effects.panel-frame/instrument-header-actions-menu	crates/sequencer/ui/effects/panel-frame.lisp
instrument-key-lock-audition	eseq.effects.state/instrument-key-lock-audition	crates/sequencer/ui/effects/state.lisp
instrument-key-lock-authoring-active?	eseq.effects.param-controls/instrument-key-lock-authoring-active?	crates/sequencer/ui/effects/param-controls.lisp
instrument-key-lock-chip-click	eseq.effects.panel-bodies/instrument-key-lock-chip-click	crates/sequencer/ui/effects/panel-bodies.lisp
instrument-key-lock-chip-current?	eseq.effects.panel-bodies/instrument-key-lock-chip-current?	crates/sequencer/ui/effects/panel-bodies.lisp
instrument-key-lock-has-selection?	eseq.effects.param-controls/instrument-key-lock-has-selection?	crates/sequencer/ui/effects/param-controls.lisp
instrument-key-lock-octave	eseq.effects.state/instrument-key-lock-octave	crates/sequencer/ui/effects/state.lisp
instrument-key-lock-selected-notes	eseq.effects.state/instrument-key-lock-selected-notes	crates/sequencer/ui/effects/state.lisp
instrument-key-lock-variant-items	eseq.effects.panel-bodies/instrument-key-lock-variant-items	crates/sequencer/ui/effects/panel-bodies.lisp
instrument-key-note-active?	eseq.effects.panel-bodies/instrument-key-note-active?	crates/sequencer/ui/effects/panel-bodies.lisp
instrument-key-note-variant-row	eseq.effects.panel-bodies/instrument-key-note-variant-row	crates/sequencer/ui/effects/panel-bodies.lisp
instrument-key-select-note	eseq.effects.panel-bodies/instrument-key-select-note	crates/sequencer/ui/effects/panel-bodies.lisp
instrument-keys-button	eseq.effects.effect-panels/instrument-keys-button	crates/sequencer/ui/effects/effect-panels.lisp
instrument-mod-control-panel	eseq.effects.instrument-modulation/mod-control-panel	crates/sequencer/ui/effects/instrument-modulation.lisp
instrument-mod-selected-slot	eseq.effects.param-controls/instrument-mod-selected-slot	crates/sequencer/ui/effects/param-controls.lisp
instrument-mod-target-depth	eseq.effects.param-controls/instrument-mod-target-depth	crates/sequencer/ui/effects/param-controls.lisp
instrument-mod-target-source-slot	eseq.effects.param-controls/instrument-mod-target-source-slot	crates/sequencer/ui/effects/param-controls.lisp
instrument-mods-open	eseq.effects.state/instrument-mods-open	crates/sequencer/ui/effects/state.lisp
instrument-mods-toggle-button	eseq.effects.effect-panels/instrument-mods-toggle-button	crates/sequencer/ui/effects/effect-panels.lisp
instrument-panel-tab	eseq.effects.state/instrument-panel-tab	crates/sequencer/ui/effects/state.lisp
instrument-param-base-max-prop	eseq.effects.param-controls/instrument-param-base-max-prop	crates/sequencer/ui/effects/param-controls.lisp
instrument-param-base-min-prop	eseq.effects.param-controls/instrument-param-base-min-prop	crates/sequencer/ui/effects/param-controls.lisp
instrument-param-base-value	eseq.effects.param-controls/instrument-param-base-value	crates/sequencer/ui/effects/param-controls.lisp
instrument-param-base-value-prop	eseq.effects.param-controls/instrument-param-base-value-prop	crates/sequencer/ui/effects/param-controls.lisp
instrument-param-control-key-mode	eseq.effects.param-controls/instrument-param-control-key-mode	crates/sequencer/ui/effects/param-controls.lisp
instrument-param-control-max	eseq.effects.param-controls/instrument-param-control-max	crates/sequencer/ui/effects/param-controls.lisp
instrument-param-control-min	eseq.effects.param-controls/instrument-param-control-min	crates/sequencer/ui/effects/param-controls.lisp
instrument-param-key-lock-row	eseq.effects.param-controls/instrument-param-key-lock-row	crates/sequencer/ui/effects/param-controls.lisp
instrument-param-knob-mod-depth-prop	eseq.effects.param-controls/instrument-param-knob-mod-depth-prop	crates/sequencer/ui/effects/param-controls.lisp
instrument-param-knob-mod-slot-prop	eseq.effects.param-controls/instrument-param-knob-mod-slot-prop	crates/sequencer/ui/effects/param-controls.lisp
instrument-param-mod-targets	eseq.effects.param-controls/instrument-param-mod-targets	crates/sequencer/ui/effects/param-controls.lisp
instrument-param-mod-wrapper	eseq.effects.param-controls/instrument-param-mod-wrapper	crates/sequencer/ui/effects/param-controls.lisp
instrument-rack-target?	eseq.effects.param-controls/instrument-rack-target?	crates/sequencer/ui/effects/param-controls.lisp
instrument-selected-mod-slot	eseq.effects.state/instrument-selected-mod-slot	crates/sequencer/ui/effects/state.lisp
instrument-selected-mod-slot-prop	eseq.effects.param-controls/instrument-selected-mod-slot-prop	crates/sequencer/ui/effects/param-controls.lisp
instrument-set-param-control-value	eseq.effects.param-controls/instrument-set-param-control-value	crates/sequencer/ui/effects/param-controls.lisp
instrument-sound-binding-badge	eseq.effects.effect-panels/instrument-sound-binding-badge	crates/sequencer/ui/effects/effect-panels.lisp
instrument-source-tab	eseq.effects.state/instrument-source-tab	crates/sequencer/ui/effects/state.lisp
instrument-synth-button	eseq.effects.effect-panels/instrument-synth-button	crates/sequencer/ui/effects/effect-panels.lisp
instrument-synth-panel-body	eseq.effects.panel-bodies/instrument-synth-panel-body	crates/sequencer/ui/effects/panel-bodies.lisp
instrument-toggle-mods-view	eseq.effects.effect-panels/instrument-toggle-mods-view	crates/sequencer/ui/effects/effect-panels.lisp
lower-fx-layout-height	eseq.seq-step-tabs/lower-fx-layout-height	crates/sequencer/ui/seq-step-tabs.lisp
lower-panel-buffer	eseq.seq-step-tabs/lower-panel-buffer	crates/sequencer/ui/seq-step-tabs.lisp
lower-panel-visible	eseq.seq-core-state/lower-panel-visible	crates/sequencer/ui/seq-core-state.lisp
macro-by-id	eseq.macros/macro-by-id	crates/sequencer/ui/macros.lisp
macro-by-key	eseq.macros/macro-by-key	crates/sequencer/ui/macros.lisp
macro-clear-mapping-arm	eseq.macro-state/clear-mapping-arm	crates/sequencer/ui/macro-state.lisp
macro-ensure	eseq.macros/macro-ensure	crates/sequencer/ui/macros.lisp
macro-id-for-key	eseq.macros/macro-id-for-key	crates/sequencer/ui/macros.lisp
macro-key-string	eseq.macros/macro-key-string	crates/sequencer/ui/macros.lisp
macro-knob	eseq.macros/macro-knob	crates/sequencer/ui/macros.lisp
macro-map-button	eseq.macros/macro-map-button	crates/sequencer/ui/macros.lisp
macro-mapping-active-for-key?	eseq.macros/macro-mapping-active-for-key?	crates/sequencer/ui/macros.lisp
macro-mapping-editor	eseq.macros/macro-mapping-editor	crates/sequencer/ui/macros.lisp
macro-mapping-editor-empty	eseq.macros/macro-mapping-editor-empty	crates/sequencer/ui/macros.lisp
macro-mapping-editor-header	eseq.macros/macro-mapping-editor-header	crates/sequencer/ui/macros.lisp
macro-mapping-editor-row	eseq.macros/macro-mapping-editor-row	crates/sequencer/ui/macros.lisp
macro-mapping-editor-row-count	eseq.macros/macro-mapping-editor-row-count	crates/sequencer/ui/macros.lisp
macro-mapping-editor-row-list	eseq.macros/macro-mapping-editor-row-list	crates/sequencer/ui/macros.lisp
macro-mapping-editor-rows	eseq.macros/macro-mapping-editor-rows	crates/sequencer/ui/macros.lisp
macro-mapping-editor-rows-for-macro	eseq.macros/macro-mapping-editor-rows-for-macro	crates/sequencer/ui/macros.lisp
macro-mapping-open	eseq.macro-state/mapping-open	crates/sequencer/ui/macro-state.lisp
macro-mapping-selected	eseq.macro-state/mapping-selected	crates/sequencer/ui/macro-state.lisp
macro-mapping-table	eseq.macros/macro-mapping-table	crates/sequencer/ui/macros.lisp
macro-momentary	eseq.macros/macro-momentary	crates/sequencer/ui/macros.lisp
macro-release-key	eseq.macros/macro-release-key	crates/sequencer/ui/macros.lisp
macro-set-key-value	eseq.macros/macro-set-key-value	crates/sequencer/ui/macros.lisp
macro-set-mapping-curve	eseq.macros/macro-set-mapping-curve	crates/sequencer/ui/macros.lisp
macro-set-mapping-display-range	eseq.macros/macro-set-mapping-display-range	crates/sequencer/ui/macros.lisp
macro-toggle-mapping-arm	eseq.macros/macro-toggle-mapping-arm	crates/sequencer/ui/macros.lisp
macro-unmap-row	eseq.macros/macro-unmap-row	crates/sequencer/ui/macros.lisp
metal-track-b	eseq.step-grid/metal-track-b	crates/sequencer/ui/step-grid.lisp
metal-track-g	eseq.step-grid/metal-track-g	crates/sequencer/ui/step-grid.lisp
metal-track-r	eseq.step-grid/metal-track-r	crates/sequencer/ui/step-grid.lisp
midi-fx-panel	eseq.effects.effect-panels/midi-fx-panel	crates/sequencer/ui/effects/effect-panels.lisp
midi-fx-ui-param	eseq.effects.custom-effect-ui/midi-fx-ui-param	crates/sequencer/ui/effects/custom-effect-ui.lisp
midi-fx-ui-param-control	eseq.effects.custom-effect-ui/midi-fx-ui-param-control	crates/sequencer/ui/effects/custom-effect-ui.lisp
mixer-panel-visible	eseq.seq-core-state/mixer-panel-visible	crates/sequencer/ui/seq-core-state.lisp
mixer-v2-delete-selected-track	eseq.mixer/delete-selected-track	crates/sequencer/ui/mixer.lisp
mixer-v2-drop-effect-on-bus	eseq.mixer/drop-effect-on-bus	crates/sequencer/ui/mixer.lisp
mixer-v2-drop-on-group-header	eseq.mixer/drop-on-group-header	crates/sequencer/ui/mixer.lisp
mixer-v2-drop-on-track	eseq.mixer/drop-on-track	crates/sequencer/ui/mixer.lisp
mixer-v2-drop-sample-new-track	eseq.mixer/drop-sample-new-track	crates/sequencer/ui/mixer.lisp
mixer-v2-drop-sample-on-track	eseq.mixer/drop-sample-on-track	crates/sequencer/ui/mixer.lisp
mixer-v2-handle-key	eseq.mixer/handle-key	crates/sequencer/ui/mixer.lisp
mixer-v2-launch-track-pattern	eseq.mixer/launch-track-pattern	crates/sequencer/ui/mixer.lisp
mixer-v2-muted?	eseq.mixer/muted?	crates/sequencer/ui/mixer.lisp
mixer-v2-select-next-channel	eseq.mixer/select-next-channel	crates/sequencer/ui/mixer.lisp
mixer-v2-select-prev-channel	eseq.mixer/select-prev-channel	crates/sequencer/ui/mixer.lisp
mixer-v2-select-track	eseq.mixer/select-track	crates/sequencer/ui/mixer.lisp
mixer-v2-select-track-delete-target	eseq.mixer/select-track-delete-target	crates/sequencer/ui/mixer.lisp
mixer-v2-track-collapsed-label	eseq.mixer/track-collapsed-label	crates/sequencer/ui/mixer.lisp
mixer-v2-track-color-b	eseq.mixer/track-color-b	crates/sequencer/ui/mixer.lisp
mixer-v2-track-color-g	eseq.mixer/track-color-g	crates/sequencer/ui/mixer.lisp
mixer-v2-track-color-r	eseq.mixer/track-color-r	crates/sequencer/ui/mixer.lisp
mixer-v2-track-pattern-cells	eseq.mixer/track-pattern-cells	crates/sequencer/ui/mixer.lisp
page-button-width	eseq.step-grid-interactions/page-button-width	crates/sequencer/ui/step-grid-interactions.lisp
page-count	eseq.seq-core-state/page-count	crates/sequencer/ui/seq-core-state.lisp
page-offset	eseq.seq-core-state/page-offset	crates/sequencer/ui/seq-core-state.lisp
page-size	eseq.seq-core-state/page-size	crates/sequencer/ui/seq-core-state.lisp
page-slot-width	eseq.step-grid-interactions/page-slot-width	crates/sequencer/ui/step-grid-interactions.lisp
param-base-max-prop	eseq.effects.param-controls/param-base-max-prop	crates/sequencer/ui/effects/param-controls.lisp
param-base-min-prop	eseq.effects.param-controls/param-base-min-prop	crates/sequencer/ui/effects/param-controls.lisp
param-base-value-prop	eseq.effects.param-controls/param-base-value-prop	crates/sequencer/ui/effects/param-controls.lisp
param-control-key-mode	eseq.effects.param-controls/param-control-key-mode	crates/sequencer/ui/effects/param-controls.lisp
param-control-max	eseq.effects.param-controls/param-control-max	crates/sequencer/ui/effects/param-controls.lisp
param-control-min	eseq.effects.param-controls/param-control-min	crates/sequencer/ui/effects/param-controls.lisp
param-decimals	eseq.step-grid-interactions/param-decimals	crates/sequencer/ui/step-grid-interactions.lisp
param-knob-mod-depth-prop	eseq.effects.param-controls/param-knob-mod-depth-prop	crates/sequencer/ui/effects/param-controls.lisp
param-knob-mod-slot-prop	eseq.effects.param-controls/param-knob-mod-slot-prop	crates/sequencer/ui/effects/param-controls.lisp
param-macro-mapping-active?	eseq.effects.param-controls/param-macro-mapping-active?	crates/sequencer/ui/effects/param-controls.lisp
param-macro-structure-key	eseq.effects.param-controls/param-macro-structure-key	crates/sequencer/ui/effects/param-controls.lisp
param-mod-wrapper	eseq.effects.param-controls/param-mod-wrapper	crates/sequencer/ui/effects/param-controls.lisp
param-mode	eseq.seq-core-state/param-mode	crates/sequencer/ui/seq-core-state.lisp
param-mods-open?	eseq.effects.param-controls/param-mods-open?	crates/sequencer/ui/effects/param-controls.lisp
param-plock-active?	eseq.effects.param-controls/param-plock-active?	crates/sequencer/ui/effects/param-controls.lisp
param-plock-color-b	eseq.effects.param-controls/param-plock-color-b	crates/sequencer/ui/effects/param-controls.lisp
param-plock-color-g	eseq.effects.param-controls/param-plock-color-g	crates/sequencer/ui/effects/param-controls.lisp
param-plock-color-r	eseq.effects.param-controls/param-plock-color-r	crates/sequencer/ui/effects/param-controls.lisp
param-plock-default	eseq.effects.param-controls/param-plock-default	crates/sequencer/ui/effects/param-controls.lisp
param-plock-text-color	eseq.effects.param-controls/param-plock-text-color	crates/sequencer/ui/effects/param-controls.lisp
param-selected-mod-slot-prop	eseq.effects.param-controls/param-selected-mod-slot-prop	crates/sequencer/ui/effects/param-controls.lisp
param-set-control-value	eseq.effects.param-controls/param-set-control-value	crates/sequencer/ui/effects/param-controls.lisp
param-set-option	eseq.effects.param-controls/param-set-option	crates/sequencer/ui/effects/param-controls.lisp
patch-macros-filter	eseq.patch-macros/patch-macros-filter	crates/sequencer/ui/patch-macros.lisp
patch-macros-items	eseq.patch-macros/patch-macros-items	crates/sequencer/ui/patch-macros.lisp
patch-macros-panel-visible	eseq.seq-core-state/patch-macros-panel-visible	crates/sequencer/ui/seq-core-state.lisp
pattern-control-style	eseq.transport/pattern-control-style	crates/sequencer/ui/transport.lisp
piano-roll-action	eseq.piano-roll/piano-roll-action	crates/sequencer/ui/piano-roll.lisp
piano-roll-apply-pending-fit	eseq.piano-roll/piano-roll-apply-pending-fit	crates/sequencer/ui/piano-roll.lisp
piano-roll-arrangement-mode?	eseq.piano-roll/piano-roll-arrangement-mode?	crates/sequencer/ui/piano-roll.lisp
piano-roll-default-pane-height	eseq.seq-step-tabs/piano-roll-default-pane-height	crates/sequencer/ui/seq-step-tabs.lisp
piano-roll-lane-height	eseq.piano-roll/piano-roll-lane-height	crates/sequencer/ui/piano-roll.lisp
piano-roll-lane-scroll	eseq.piano-roll/piano-roll-lane-scroll	crates/sequencer/ui/piano-roll.lisp
piano-roll-max-lane-scroll	eseq.piano-roll/piano-roll-max-lane-scroll	crates/sequencer/ui/piano-roll.lisp
piano-roll-placement	eseq.seq-step-tabs/piano-roll-placement	crates/sequencer/ui/seq-step-tabs.lisp
piano-roll-request-fit	eseq.piano-roll/piano-roll-request-fit	crates/sequencer/ui/piano-roll.lisp
piano-roll-request-fit-for-track	eseq.piano-roll/piano-roll-request-fit-for-track	crates/sequencer/ui/piano-roll.lisp
piano-roll-view-duration	eseq.piano-roll/piano-roll-view-duration	crates/sequencer/ui/piano-roll.lisp
piano-roll-view-start	eseq.piano-roll/piano-roll-view-start	crates/sequencer/ui/piano-roll.lisp
playhead-page	eseq.seq-core-state/playhead-page	crates/sequencer/ui/seq-core-state.lisp
process-map-active?	eseq.effects.param-controls/process-map-active?	crates/sequencer/ui/effects/param-controls.lisp
process-map-arm-port	eseq.effects.param-controls/process-map-arm-port	crates/sequencer/ui/effects/param-controls.lisp
process-map-clear	eseq.effects.param-controls/process-map-clear	crates/sequencer/ui/effects/param-controls.lisp
process-map-instance-id	eseq.effects.param-controls/process-map-instance-id	crates/sequencer/ui/effects/param-controls.lisp
process-map-port	eseq.effects.param-controls/process-map-port	crates/sequencer/ui/effects/param-controls.lisp
process-map-port-active?	eseq.effects.param-controls/process-map-port-active?	crates/sequencer/ui/effects/param-controls.lisp
process-map-track	eseq.effects.param-controls/process-map-track	crates/sequencer/ui/effects/param-controls.lisp
process-panel-clear-selection	eseq.effects.process-panel/clear-selection	crates/sequencer/ui/effects/process-panel.lisp
process-panel-select-slot	eseq.effects.process-panel/select-slot	crates/sequencer/ui/effects/process-panel.lisp
process-panel-selected-instance-id	eseq.effects.state/process-panel-selected-instance-id	crates/sequencer/ui/effects/state.lisp
process-panel-selected-slot	eseq.effects.process-panel/selected-slot	crates/sequencer/ui/effects/process-panel.lisp
process-panel-selected-track	eseq.effects.state/process-panel-selected-track	crates/sequencer/ui/effects/state.lisp
process-param-bindable?	eseq.effects.param-controls/process-param-bindable?	crates/sequencer/ui/effects/param-controls.lisp
rack-macro-arm	eseq.effects.instrument-panel/rack-macro-arm	crates/sequencer/ui/effects/instrument-panel.lisp
rack-macro-clear-mapping-arm	eseq.macro-state/rack-clear-mapping-arm	crates/sequencer/ui/macro-state.lisp
rack-macro-mapping-selected	eseq.macro-state/rack-mapping-selected	crates/sequencer/ui/macro-state.lisp
rack-macro-mapping-table-macro	eseq.macros/rack-macro-mapping-table-macro	crates/sequencer/ui/macros.lisp
rack-pad-bank-select	eseq.effects.instrument-panel/rack-pad-bank-select	crates/sequencer/ui/effects/instrument-panel.lisp
rack-pad-select	eseq.effects.instrument-panel/rack-pad-select	crates/sequencer/ui/effects/instrument-panel.lisp
rack-panel-drop-on-drum-pad	eseq.effects.instrument-panel/rack-panel-drop-on-drum-pad	crates/sequencer/ui/effects/instrument-panel.lisp
rack-panel-drop-on-rack	eseq.effects.instrument-panel/rack-panel-drop-on-rack	crates/sequencer/ui/effects/instrument-panel.lisp
rack-panel-macros-open	eseq.effects.state/rack-panel-macros-open	crates/sequencer/ui/effects/state.lisp
rack-panel-selected-chain-open	eseq.effects.state/rack-panel-selected-chain-open	crates/sequencer/ui/effects/state.lisp
rack-panel-slot-list-open	eseq.effects.state/rack-panel-slot-list-open	crates/sequencer/ui/effects/state.lisp
rack-panel-toggle-macros	eseq.effects.instrument-panel/rack-panel-toggle-macros	crates/sequencer/ui/effects/instrument-panel.lisp
rack-panel-toggle-selected-chain	eseq.effects.instrument-panel/rack-panel-toggle-selected-chain	crates/sequencer/ui/effects/instrument-panel.lisp
rack-panel-toggle-slot-list	eseq.effects.instrument-panel/rack-panel-toggle-slot-list	crates/sequencer/ui/effects/instrument-panel.lisp
rack-selected-instrument-drop	eseq.effects.instrument-panel/rack-selected-instrument-drop	crates/sequencer/ui/effects/instrument-panel.lisp
rack-slot-select	eseq.effects.instrument-panel/rack-slot-select	crates/sequencer/ui/effects/instrument-panel.lisp
rack-slot-select-delete-target	eseq.effects.instrument-panel/rack-slot-select-delete-target	crates/sequencer/ui/effects/instrument-panel.lisp
rack-slot-set-choke-group-label	eseq.effects.instrument-panel/rack-slot-set-choke-group-label	crates/sequencer/ui/effects/instrument-panel.lisp
rack-slot-set-gain	eseq.effects.instrument-panel/rack-slot-set-gain	crates/sequencer/ui/effects/instrument-panel.lisp
remembered-step-panel-buffer	eseq.seq-step-tabs/remembered-step-panel-buffer	crates/sequencer/ui/seq-step-tabs.lisp
sample-browser-here	eseq.browser/sample-browser-here	crates/sequencer/ui/browser.lisp
sampler-active-marker	eseq.effects.sampler-panel/sampler-active-marker	crates/sequencer/ui/effects/sampler-panel.lisp
sampler-cursor-time	eseq.effects.sampler-panel/sampler-cursor-time	crates/sequencer/ui/effects/sampler-panel.lisp
sampler-reset-view	eseq.effects.sampler-panel/sampler-reset-view	crates/sequencer/ui/effects/sampler-panel.lisp
sampler-view-duration	eseq.effects.sampler-panel/sampler-view-duration	crates/sequencer/ui/effects/sampler-panel.lisp
sampler-view-start	eseq.effects.sampler-panel/sampler-view-start	crates/sequencer/ui/effects/sampler-panel.lisp
samples-sidebar-visible	eseq.seq-core-state/samples-sidebar-visible	crates/sequencer/ui/seq-core-state.lisp
sbrowser-activate-audio-effect	eseq.browser/activate-audio-effect	crates/sequencer/ui/browser.lisp
sbrowser-activate-midi-effect	eseq.browser/activate-midi-effect	crates/sequencer/ui/browser.lisp
sbrowser-activate-sample	eseq.browser/activate-sample	crates/sequencer/ui/browser.lisp
sbrowser-active-tab-panel	eseq.browser/active-tab-panel	crates/sequencer/ui/browser.lisp
sbrowser-active-tree-key	eseq.browser/active-tree-key	crates/sequencer/ui/browser.lisp
sbrowser-add-layer-rack-track	eseq.browser/add-layer-rack-track	crates/sequencer/ui/browser.lisp
sbrowser-add-rack-track	eseq.browser/add-rack-track	crates/sequencer/ui/browser.lisp
sbrowser-add-sampler-track	eseq.browser/add-sampler-track	crates/sequencer/ui/browser.lisp
sbrowser-add-selected-rack-layer	eseq.browser/add-selected-rack-layer	crates/sequencer/ui/browser.lisp
sbrowser-audition	eseq.browser/audition	crates/sequencer/ui/browser.lisp
sbrowser-build-widgets	eseq.browser/build-widgets	crates/sequencer/ui/browser.lisp
sbrowser-create-items	eseq.browser/create-items	crates/sequencer/ui/browser.lisp
sbrowser-drop-instrument-on-folder	eseq.browser/drop-instrument-on-folder	crates/sequencer/ui/browser.lisp
sbrowser-drop-instrument-on-track	eseq.browser/drop-instrument-on-track	crates/sequencer/ui/browser.lisp
sbrowser-drop-preset-on-sounds	eseq.browser/drop-preset-on-sounds	crates/sequencer/ui/browser.lisp
sbrowser-drop-sample-on-track	eseq.browser/drop-sample-on-track	crates/sequencer/ui/browser.lisp
sbrowser-drop-sound-on-track	eseq.browser/drop-sound-on-track	crates/sequencer/ui/browser.lisp
sbrowser-editor-status-row	eseq.browser/editor-status-row	crates/sequencer/ui/browser.lisp
sbrowser-enter-new-effect-editor	eseq.browser/enter-new-effect-editor	crates/sequencer/ui/browser.lisp
sbrowser-enter-new-script	eseq.browser/enter-new-script	crates/sequencer/ui/browser.lisp
sbrowser-enter-preset-save	eseq.browser/enter-preset-save	crates/sequencer/ui/browser.lisp
sbrowser-filter	eseq.browser/search-filter	crates/sequencer/ui/browser.lisp
sbrowser-focus-create-item	eseq.browser/focus-create-item	crates/sequencer/ui/browser.lisp
sbrowser-fork-selected-audio-effect	eseq.browser/fork-selected-audio-effect	crates/sequencer/ui/browser.lisp
sbrowser-fork-selected-instrument	eseq.browser/fork-selected-instrument	crates/sequencer/ui/browser.lisp
sbrowser-header	eseq.browser/search-header	crates/sequencer/ui/browser.lisp
sbrowser-list-contains?	eseq.browser/list-contains?	crates/sequencer/ui/browser.lisp
sbrowser-new-project	eseq.browser/new-project	crates/sequencer/ui/browser.lisp
sbrowser-next-tab	eseq.browser/next-tab	crates/sequencer/ui/browser.lisp
sbrowser-open-project-save	eseq.browser/open-project-save	crates/sequencer/ui/browser.lisp
sbrowser-preset-filter	eseq.browser/preset-filter	crates/sequencer/ui/browser.lisp
sbrowser-project-save-mode?	eseq.browser/project-save-mode?	crates/sequencer/ui/browser.lisp
sbrowser-refresh-buffer	eseq.browser/refresh-buffer	crates/sequencer/ui/browser.lisp
sbrowser-sample-selected-path	eseq.browser/sample-selected-path	crates/sequencer/ui/browser.lisp
sbrowser-select-audio-effect	eseq.browser/select-audio-effect	crates/sequencer/ui/browser.lisp
sbrowser-select-create-item	eseq.browser/select-create-item	crates/sequencer/ui/browser.lisp
sbrowser-select-midi-effect	eseq.browser/select-midi-effect	crates/sequencer/ui/browser.lisp
sbrowser-select-sample	eseq.browser/select-sample	crates/sequencer/ui/browser.lisp
sbrowser-select-tab	eseq.browser/select-tab	crates/sequencer/ui/browser.lisp
sbrowser-selected-audio-effect-name	eseq.browser/selected-audio-effect-name	crates/sequencer/ui/browser.lisp
sbrowser-selected-instrument-name	eseq.browser/selected-instrument-name	crates/sequencer/ui/browser.lisp
sbrowser-selected-sample	eseq.browser/selected-sample	crates/sequencer/ui/browser.lisp
sbrowser-selected-tags	eseq.browser/selected-tags	crates/sequencer/ui/browser.lisp
sbrowser-tabbed-content	eseq.browser/tabbed-content	crates/sequencer/ui/browser.lisp
sbrowser-tabs	eseq.browser/tab-rail	crates/sequencer/ui/browser.lisp
scene-macro-config	eseq.macros/scene-macro-config	crates/sequencer/ui/macros.lisp
scene-macro-controls	eseq.macros/scene-macro-controls	crates/sequencer/ui/macros.lisp
scene-macro-option-index	eseq.macros/scene-macro-option-index	crates/sequencer/ui/macros.lisp
scene-macro-options	eseq.macros/scene-macro-options	crates/sequencer/ui/macros.lisp
scene-macro-track-mask-with	eseq.macros/scene-macro-track-mask-with	crates/sequencer/ui/macros.lisp
scene-push-begin	eseq.transport/scene-push-begin	crates/sequencer/ui/transport.lisp
scene-push-drag	eseq.transport/scene-push-drag	crates/sequencer/ui/transport.lisp
scene-push-target	eseq.transport/scene-push-target	crates/sequencer/ui/transport.lisp
scene-push-value	eseq.transport/scene-push-value	crates/sequencer/ui/transport.lisp
select-all-steps	eseq.step-grid-interactions/select-all-steps	crates/sequencer/ui/step-grid-interactions.lisp
selected-bus	eseq.seq-core-state/selected-bus	crates/sequencer/ui/seq-core-state.lisp
selected-bus-name	eseq.seq-core-state/selected-bus-name	crates/sequencer/ui/seq-core-state.lisp
selection-click?	eseq.step-grid-interactions/selection-click?	crates/sequencer/ui/step-grid-interactions.lisp
seq-apply-fx-layout	eseq.seq-layout/apply-fx-layout	crates/sequencer/ui/seq-layout.lisp
seq-apply-instrument-patcher-layout	eseq.seq-layout/apply-instrument-patcher-layout	crates/sequencer/ui/seq-layout.lisp
seq-apply-instrument-patcher-source-layout	eseq.seq-layout/apply-instrument-patcher-source-layout	crates/sequencer/ui/seq-layout.lisp
seq-apply-lower-panel-layout	eseq.seq-layout/apply-lower-panel-layout	crates/sequencer/ui/seq-layout.lisp
seq-apply-piano-roll-layout	eseq.seq-layout/apply-piano-roll-layout	crates/sequencer/ui/seq-layout.lisp
seq-arrangement-view?	eseq.seq-step-tabs/seq-arrangement-view?	crates/sequencer/ui/seq-step-tabs.lisp
seq-clear-project-script-tabs	eseq.seq-step-tabs/seq-clear-project-script-tabs	crates/sequencer/ui/seq-step-tabs.lisp
seq-close-piano-roll	eseq.seq-panels/seq-close-piano-roll	crates/sequencer/ui/seq-panels.lisp
seq-ctrl-g	eseq.mixer/seq-ctrl-g	crates/sequencer/ui/mixer.lisp
seq-current-step-buffer	eseq.seq-panels/seq-current-step-buffer	crates/sequencer/ui/seq-panels.lisp
seq-delete-script-sequencer	eseq.seq-script-picker/seq-delete-script-sequencer	crates/sequencer/ui/seq-script-picker.lisp
seq-delete-script-sequencer-by-buffer	eseq.seq-script-picker/seq-delete-script-sequencer-by-buffer	crates/sequencer/ui/seq-script-picker.lisp
seq-grid-mode	eseq.seq-grid-mode/seq-grid-mode	crates/sequencer/ui/seq-grid-mode.lisp
seq-has-selected-bus?	eseq.seq-core-state/seq-has-selected-bus?	crates/sequencer/ui/seq-core-state.lisp
seq-hide-fx-panel	eseq.seq-panels/seq-hide-fx-panel	crates/sequencer/ui/seq-panels.lisp
seq-hide-mixer-panel	eseq.seq-panels/seq-hide-mixer-panel	crates/sequencer/ui/seq-panels.lisp
seq-hide-patch-macros-panel	eseq.seq-panels/seq-hide-patch-macros-panel	crates/sequencer/ui/seq-panels.lisp
seq-hide-samples-sidebar	eseq.seq-panels/seq-hide-samples-sidebar	crates/sequencer/ui/seq-panels.lisp
seq-layout-mode	eseq.seq-step-tabs/seq-layout-mode	crates/sequencer/ui/seq-step-tabs.lisp
seq-lower-panel-layout-spec	eseq.seq-layout/lower-panel-layout-spec	crates/sequencer/ui/seq-layout.lisp
seq-main-step-tab-buffer?	eseq.seq-step-tabs/seq-main-step-tab-buffer?	crates/sequencer/ui/seq-step-tabs.lisp
seq-main-step-tabs	eseq.seq-step-tabs/seq-main-step-tabs	crates/sequencer/ui/seq-step-tabs.lisp
seq-main-step-tile-layout-spec	eseq.seq-step-tabs/seq-main-step-tile-layout-spec	crates/sequencer/ui/seq-step-tabs.lisp
seq-main-view	eseq.seq-step-tabs/seq-main-view	crates/sequencer/ui/seq-step-tabs.lisp
seq-open-arrangement	eseq.seq-panels/seq-open-arrangement	crates/sequencer/ui/seq-panels.lisp
seq-open-arrangement-piano-roll-bottom-for-track	eseq.seq-panels/seq-open-arrangement-piano-roll-bottom-for-track	crates/sequencer/ui/seq-panels.lisp
seq-open-piano-roll-bottom	eseq.seq-panels/seq-open-piano-roll-bottom	crates/sequencer/ui/seq-panels.lisp
seq-open-piano-roll-bottom-for-track	eseq.seq-panels/seq-open-piano-roll-bottom-for-track	crates/sequencer/ui/seq-panels.lisp
seq-open-piano-roll-main	eseq.seq-panels/seq-open-piano-roll-main	crates/sequencer/ui/seq-panels.lisp
seq-open-piano-roll-preferred	eseq.seq-panels/seq-open-piano-roll-preferred	crates/sequencer/ui/seq-panels.lisp
seq-patcher-buffer	eseq.seq-step-tabs/seq-patcher-buffer	crates/sequencer/ui/seq-step-tabs.lisp
seq-patcher-source-buffer	eseq.seq-step-tabs/seq-patcher-source-buffer	crates/sequencer/ui/seq-step-tabs.lisp
seq-plock-panel-mode	eseq.effects.buffers/seq-plock-panel-mode	crates/sequencer/ui/effects/buffers.lisp
seq-refresh-current-layout	eseq.seq-layout/refresh-current-layout	crates/sequencer/ui/seq-layout.lisp
seq-register-script-source-tab	eseq.seq-script-picker/seq-register-script-source-tab	crates/sequencer/ui/seq-script-picker.lisp
seq-register-script-step-sequencer-tab	eseq.seq-step-tabs/seq-register-script-step-sequencer-tab	crates/sequencer/ui/seq-step-tabs.lisp
seq-register-step-sequencer-tab	eseq.seq-step-tabs/seq-register-step-sequencer-tab	crates/sequencer/ui/seq-step-tabs.lisp
seq-registered-step-tabs	eseq.seq-step-tabs/seq-registered-step-tabs	crates/sequencer/ui/seq-step-tabs.lisp
seq-reorder-scene-drop	eseq.transport/seq-reorder-scene-drop	crates/sequencer/ui/transport.lisp
seq-restore-instrument-patcher-layout	eseq.seq-panels/seq-restore-instrument-patcher-layout	crates/sequencer/ui/seq-panels.lisp
seq-sanitized-step-buffer	eseq.seq-step-tabs/seq-sanitized-step-buffer	crates/sequencer/ui/seq-step-tabs.lisp
seq-script-append-to-scratch	eseq.seq-script-picker/seq-script-append-to-scratch	crates/sequencer/ui/seq-script-picker.lisp
seq-script-default-dir	eseq.seq-script-picker/seq-script-default-dir	crates/sequencer/ui/seq-script-picker.lisp
seq-script-entry-visible?	eseq.seq-script-picker/seq-script-entry-visible?	crates/sequencer/ui/seq-script-picker.lisp
seq-script-load-file	eseq.seq-script-picker/seq-script-load-file	crates/sequencer/ui/seq-script-picker.lisp
seq-script-picker	eseq.seq-script-picker/seq-script-picker	crates/sequencer/ui/seq-script-picker.lisp
seq-script-remember-source-buffer	eseq.seq-script-picker/seq-script-remember-source-buffer	crates/sequencer/ui/seq-script-picker.lisp
seq-script-scratch-entry	eseq.seq-script-picker/seq-script-scratch-entry	crates/sequencer/ui/seq-script-picker.lisp
seq-select-main-step-tab-by-index	eseq.seq-step-tabs/seq-select-main-step-tab-by-index	crates/sequencer/ui/seq-step-tabs.lisp
seq-set-process-lane-from-step	eseq.step-grid-interactions/seq-set-process-lane-from-step	crates/sequencer/ui/step-grid-interactions.lisp
seq-set-record-quantize	eseq.transport/seq-set-record-quantize	crates/sequencer/ui/transport.lisp
seq-set-scene-launch-quantize	eseq.transport/seq-set-scene-launch-quantize	crates/sequencer/ui/transport.lisp
seq-set-step-param-from-step	eseq.step-grid-interactions/seq-set-step-param-from-step	crates/sequencer/ui/step-grid-interactions.lisp
seq-show-fx-lower-panel	eseq.seq-panels/seq-show-fx-lower-panel	crates/sequencer/ui/seq-panels.lisp
seq-show-sequencer-main	eseq.seq-panels/seq-show-sequencer-main	crates/sequencer/ui/seq-panels.lisp
seq-step-and-track-panel-layout-spec	eseq.seq-layout/step-and-track-panel-layout-spec	crates/sequencer/ui/seq-layout.lisp
seq-step-tab-buffer	eseq.seq-step-tabs/seq-step-tab-buffer	crates/sequencer/ui/seq-step-tabs.lisp
seq-step-tab-matches-buffer?	eseq.seq-step-tabs/seq-step-tab-matches-buffer?	crates/sequencer/ui/seq-step-tabs.lisp
seq-step-tab-sequencer-name	eseq.seq-step-tabs/seq-step-tab-sequencer-name	crates/sequencer/ui/seq-step-tabs.lisp
seq-step-tab-source-path	eseq.seq-step-tabs/seq-step-tab-source-path	crates/sequencer/ui/seq-step-tabs.lisp
seq-switch-pattern	eseq.transport/seq-switch-pattern	crates/sequencer/ui/transport.lisp
seq-timebase-options	eseq.effects.state/seq-timebase-options	crates/sequencer/ui/effects/state.lisp
seq-toggle-arrangement	eseq.seq-panels/seq-toggle-arrangement	crates/sequencer/ui/seq-panels.lisp
seq-toggle-current-track-expanded-main	eseq.seq-panels/seq-toggle-current-track-expanded-main	crates/sequencer/ui/seq-panels.lisp
seq-toggle-current-track-mods-view	eseq.seq-panels/seq-toggle-current-track-mods-view	crates/sequencer/ui/seq-panels.lisp
seq-toggle-fx-panel	eseq.seq-panels/seq-toggle-fx-panel	crates/sequencer/ui/seq-panels.lisp
seq-toggle-fx-piano-roll	eseq.seq-panels/seq-toggle-fx-piano-roll	crates/sequencer/ui/seq-panels.lisp
seq-toggle-main-or-piano-roll	eseq.seq-panels/seq-toggle-main-or-piano-roll	crates/sequencer/ui/seq-panels.lisp
seq-toggle-mixer-panel	eseq.seq-panels/seq-toggle-mixer-panel	crates/sequencer/ui/seq-panels.lisp
seq-toggle-piano-roll-main	eseq.seq-panels/seq-toggle-piano-roll-main	crates/sequencer/ui/seq-panels.lisp
seq-toggle-piano-roll-placement	eseq.seq-panels/seq-toggle-piano-roll-placement	crates/sequencer/ui/seq-panels.lisp
seq-toggle-samples-sidebar	eseq.seq-panels/seq-toggle-samples-sidebar	crates/sequencer/ui/seq-panels.lisp
seq-toggle-sound-palette	eseq.sound-palette/toggle-open	crates/sequencer/ui/sound-palette.lisp
seq-toggle-track-collapsed-ui	eseq.track-collapse/toggle-collapsed-ui	crates/sequencer/ui/track-collapse.lisp
seq-track-collapsed?	eseq.track-collapse/collapsed?	crates/sequencer/ui/track-collapse.lisp
seq-track-custom-instrument?	eseq.track-collapse/custom-instrument?	crates/sequencer/ui/track-collapse.lisp
seq-track-replaceable-instrument?	eseq.track-collapse/replaceable-instrument?	crates/sequencer/ui/track-collapse.lisp
seq-track-sound-replaceable?	eseq.track-collapse/sound-replaceable?	crates/sequencer/ui/track-collapse.lisp
seq-track-type-icon	eseq.track-collapse/type-icon	crates/sequencer/ui/track-collapse.lisp
seq-unregister-step-sequencer-tab	eseq.seq-step-tabs/seq-unregister-step-sequencer-tab	crates/sequencer/ui/seq-step-tabs.lisp
seq-visible-main-panel-buffer	eseq.seq-step-tabs/seq-visible-main-panel-buffer	crates/sequencer/ui/seq-step-tabs.lisp
seq-visible-track-indices	eseq.track-collapse/visible-track-indices	crates/sequencer/ui/track-collapse.lisp
seqv-collapse-all-tracks	eseq.sequencer/collapse-all-tracks	crates/sequencer/ui/sequencer.lisp
seqv-current-number-picker-key	eseq.sequencer/current-number-picker-key	crates/sequencer/ui/sequencer.lisp
seqv-current-page	eseq.sequencer/track-current-page	crates/sequencer/ui/sequencer.lisp
seqv-current-param-mode	eseq.sequencer/current-param-mode	crates/sequencer/ui/sequencer.lisp
seqv-current-param-values	eseq.seqv-track-params/seqv-current-param-values	crates/sequencer/ui/seqv-track-params.lisp
seqv-current-selected-step	eseq.sequencer/current-selected-step	crates/sequencer/ui/sequencer.lisp
seqv-current-step	eseq.sequencer/track-current-step	crates/sequencer/ui/sequencer.lisp
seqv-cursor-step	eseq.sequencer/track-cursor	crates/sequencer/ui/sequencer.lisp
seqv-drop-new-track	eseq.sequencer/drop-new-track	crates/sequencer/ui/sequencer.lisp
seqv-drop-on-track	eseq.sequencer/drop-on-track	crates/sequencer/ui/sequencer.lisp
seqv-drop-sample-on-track	eseq.sequencer/drop-sample-on-track	crates/sequencer/ui/sequencer.lisp
seqv-drum-sound-count	eseq.seqv-track-params/seqv-drum-sound-count	crates/sequencer/ui/seqv-track-params.lisp
seqv-drum-sound-index-for-transpose	eseq.seqv-track-params/seqv-drum-sound-index-for-transpose	crates/sequencer/ui/seqv-track-params.lisp
seqv-drum-sound-label-for-transpose	eseq.seqv-track-params/seqv-drum-sound-label-for-transpose	crates/sequencer/ui/seqv-track-params.lisp
seqv-drum-sound-labels	eseq.seqv-track-params/seqv-drum-sound-labels	crates/sequencer/ui/seqv-track-params.lisp
seqv-drum-sound-mode?	eseq.seqv-track-params/seqv-drum-sound-mode?	crates/sequencer/ui/seqv-track-params.lisp
seqv-drum-sound-short-labels	eseq.seqv-track-params/seqv-drum-sound-short-labels	crates/sequencer/ui/seqv-track-params.lisp
seqv-drum-sound-transpose-at-index	eseq.seqv-track-params/seqv-drum-sound-transpose-at-index	crates/sequencer/ui/seqv-track-params.lisp
seqv-drum-sound-transpose-for-label	eseq.seqv-track-params/seqv-drum-sound-transpose-for-label	crates/sequencer/ui/seqv-track-params.lisp
seqv-expanded-track-ids	eseq.sequencer/expanded-track-ids	crates/sequencer/ui/sequencer.lisp
seqv-handle-key	eseq.sequencer/handle-key	crates/sequencer/ui/sequencer.lisp
seqv-open-piano-roll-for-track	eseq.sequencer/open-piano-roll-for-track	crates/sequencer/ui/sequencer.lisp
seqv-param-color	eseq.seqv-track-params/seqv-param-color	crates/sequencer/ui/seqv-track-params.lisp
seqv-param-decimals	eseq.seqv-track-params/seqv-param-decimals	crates/sequencer/ui/seqv-track-params.lisp
seqv-param-haptic-exponent	eseq.seqv-track-params/seqv-param-haptic-exponent	crates/sequencer/ui/seqv-track-params.lisp
seqv-param-haptic-pivot-position	eseq.seqv-track-params/seqv-param-haptic-pivot-position	crates/sequencer/ui/seqv-track-params.lisp
seqv-param-keyword	eseq.seqv-track-params/seqv-param-keyword	crates/sequencer/ui/seqv-track-params.lisp
seqv-param-max	eseq.seqv-track-params/seqv-param-max	crates/sequencer/ui/seqv-track-params.lisp
seqv-param-min	eseq.seqv-track-params/seqv-param-min	crates/sequencer/ui/seqv-track-params.lisp
seqv-param-mode	eseq.sequencer/track-param-mode	crates/sequencer/ui/sequencer.lisp
seqv-param-mode-for-key	eseq.sequencer/param-mode-for-key	crates/sequencer/ui/sequencer.lisp
seqv-param-name	eseq.seqv-track-params/seqv-param-name	crates/sequencer/ui/seqv-track-params.lisp
seqv-param-origin	eseq.seqv-track-params/seqv-param-origin	crates/sequencer/ui/seqv-track-params.lisp
seqv-param-value-at	eseq.seqv-track-params/seqv-param-value-at	crates/sequencer/ui/seqv-track-params.lisp
seqv-process-lane-index	eseq.seqv-track-params/seqv-process-lane-index	crates/sequencer/ui/seqv-track-params.lisp
seqv-process-lane-mode-offset	eseq.seqv-track-params/seqv-process-lane-mode-offset	crates/sequencer/ui/seqv-track-params.lisp
seqv-process-lane-mode?	eseq.seqv-track-params/seqv-process-lane-mode?	crates/sequencer/ui/seqv-track-params.lisp
seqv-range-origin	eseq.seqv-track-params/seqv-range-origin	crates/sequencer/ui/seqv-track-params.lisp
seqv-select-all-current-track-steps	eseq.sequencer/select-all-current-track-steps	crates/sequencer/ui/sequencer.lisp
seqv-select-process-lane-option	eseq.sequencer/select-process-lane-option	crates/sequencer/ui/sequencer.lisp
seqv-select-track-for-edit	eseq.sequencer/select-track-for-edit	crates/sequencer/ui/sequencer.lisp
seqv-set-cursor-step	eseq.sequencer/set-track-cursor	crates/sequencer/ui/sequencer.lisp
seqv-set-param-mode	eseq.sequencer/set-track-param-mode	crates/sequencer/ui/sequencer.lisp
seqv-set-track-expanded	eseq.sequencer/set-track-expanded	crates/sequencer/ui/sequencer.lisp
seqv-step-param-value	eseq.seqv-track-params/seqv-step-param-value	crates/sequencer/ui/seqv-track-params.lisp
seqv-step-pointer-down	eseq.sequencer/grid-step-pointer-down	crates/sequencer/ui/sequencer.lisp
seqv-step-pointer-up	eseq.sequencer/grid-step-pointer-up	crates/sequencer/ui/sequencer.lisp
seqv-step-slider-param-value	eseq.seqv-track-params/seqv-step-slider-param-value	crates/sequencer/ui/seqv-track-params.lisp
seqv-toggle-current-track-expanded	eseq.sequencer/toggle-current-track-expanded	crates/sequencer/ui/sequencer.lisp
seqv-track-drum-rack?	eseq.seqv-track-params/seqv-track-drum-rack?	crates/sequencer/ui/seqv-track-params.lisp
seqv-track-drum-sounds	eseq.seqv-track-params/seqv-track-drum-sounds	crates/sequencer/ui/seqv-track-params.lisp
seqv-track-header	eseq.sequencer/track-header	crates/sequencer/ui/sequencer.lisp
seqv-track-menu-click	eseq.sequencer/track-menu-click	crates/sequencer/ui/sequencer.lisp
seqv-track-param-decimals	eseq.seqv-track-params/seqv-track-param-decimals	crates/sequencer/ui/seqv-track-params.lisp
seqv-track-param-haptic-pivot-value	eseq.seqv-track-params/seqv-track-param-haptic-pivot-value	crates/sequencer/ui/seqv-track-params.lisp
seqv-track-param-max	eseq.seqv-track-params/seqv-track-param-max	crates/sequencer/ui/seqv-track-params.lisp
seqv-track-param-min	eseq.seqv-track-params/seqv-track-param-min	crates/sequencer/ui/seqv-track-params.lisp
seqv-track-param-name	eseq.seqv-track-params/seqv-track-param-name	crates/sequencer/ui/seqv-track-params.lisp
seqv-track-param-origin	eseq.seqv-track-params/seqv-track-param-origin	crates/sequencer/ui/seqv-track-params.lisp
seqv-track-param-slider-max	eseq.seqv-track-params/seqv-track-param-slider-max	crates/sequencer/ui/seqv-track-params.lisp
seqv-track-param-slider-min	eseq.seqv-track-params/seqv-track-param-slider-min	crates/sequencer/ui/seqv-track-params.lisp
seqv-track-param-values	eseq.seqv-track-params/seqv-track-param-values	crates/sequencer/ui/seqv-track-params.lisp
seqv-track-process-lane	eseq.seqv-track-params/seqv-track-process-lane	crates/sequencer/ui/seqv-track-params.lisp
seqv-track-process-lanes	eseq.seqv-track-params/seqv-track-process-lanes	crates/sequencer/ui/seqv-track-params.lisp
seqv-track-selected-binding	eseq.sequencer/track-selected-binding	crates/sequencer/ui/sequencer.lisp
seqv-track-step-param-value	eseq.seqv-track-params/seqv-track-step-param-value	crates/sequencer/ui/seqv-track-params.lisp
seqv-track-step-slider-param-value	eseq.seqv-track-params/seqv-track-step-slider-param-value	crates/sequencer/ui/seqv-track-params.lisp
set-arrangement-cursor	eseq.arrangement/set-cursor	crates/sequencer/ui/arrangement.lisp
set-arrangement-view-start	eseq.arrangement/set-view-start	crates/sequencer/ui/arrangement.lisp
set-cursor-step-value	eseq.seq-core-state/set-cursor-step-value	crates/sequencer/ui/seq-core-state.lisp
set-track-cursor-step	eseq.step-grid-interactions/set-track-cursor-step	crates/sequencer/ui/step-grid-interactions.lisp
sound-palette-apply	eseq.sound-palette/apply-entry	crates/sequencer/ui/sound-palette.lisp
sound-palette-panel	eseq.sound-palette/panel	crates/sequencer/ui/sound-palette.lisp
step-clear-drag-state	eseq.step-grid-interactions/step-clear-drag-state	crates/sequencer/ui/step-grid-interactions.lisp
step-double-click	eseq.step-grid-interactions/step-double-click	crates/sequencer/ui/step-grid-interactions.lisp
step-double-click-for-track	eseq.step-grid-interactions/step-double-click-for-track	crates/sequencer/ui/step-grid-interactions.lisp
step-hold-select-maybe-engage	eseq.step-grid-interactions/step-hold-select-maybe-engage	crates/sequencer/ui/step-grid-interactions.lisp
step-index	eseq.step-grid-interactions/step-index	crates/sequencer/ui/step-grid-interactions.lisp
step-panel-buffer	eseq.seq-step-tabs/step-panel-buffer	crates/sequencer/ui/seq-step-tabs.lisp
step-param-value	eseq.step-grid-interactions/step-param-value	crates/sequencer/ui/step-grid-interactions.lisp
step-pointer-down	eseq.step-grid-interactions/step-pointer-down	crates/sequencer/ui/step-grid-interactions.lisp
step-pointer-down-for-track	eseq.step-grid-interactions/step-pointer-down-for-track	crates/sequencer/ui/step-grid-interactions.lisp
step-pointer-up	eseq.step-grid-interactions/step-pointer-up	crates/sequencer/ui/step-grid-interactions.lisp
step-select-drag-over	eseq.step-grid-interactions/step-select-drag-over	crates/sequencer/ui/step-grid-interactions.lisp
step-select-drag-over-for-track	eseq.step-grid-interactions/step-select-drag-over-for-track	crates/sequencer/ui/step-grid-interactions.lisp
step-select-drag-over-for-track-no-cursor	eseq.step-grid-interactions/step-select-drag-over-for-track-no-cursor	crates/sequencer/ui/step-grid-interactions.lisp
step-select-drag-start	eseq.step-grid-interactions/step-select-drag-start	crates/sequencer/ui/step-grid-interactions.lisp
step-selected?	eseq.step-grid-interactions/step-selected?	crates/sequencer/ui/step-grid-interactions.lisp
step-shift-anchor	eseq.step-grid-interactions/step-shift-anchor	crates/sequencer/ui/step-grid-interactions.lisp
step-slider-param-value	eseq.step-grid-interactions/step-slider-param-value	crates/sequencer/ui/step-grid-interactions.lisp
step-visible?	eseq.step-grid-interactions/step-visible?	crates/sequencer/ui/step-grid-interactions.lisp
transport-stop	eseq.transport/transport-stop	crates/sequencer/ui/transport.lisp
ui-accent-blue	eseq.effects.custom-ui-lego/ui-accent-blue	crates/sequencer/ui/effects/custom-ui-lego.lisp
ui-accent-cyan	eseq.effects.custom-ui-lego/ui-accent-cyan	crates/sequencer/ui/effects/custom-ui-lego.lisp
ui-accent-green	eseq.effects.custom-ui-lego/ui-accent-green	crates/sequencer/ui/effects/custom-ui-lego.lisp
ui-accent-orange	eseq.effects.custom-ui-lego/ui-accent-orange	crates/sequencer/ui/effects/custom-ui-lego.lisp
ui-accent-violet	eseq.effects.custom-ui-lego/ui-accent-violet	crates/sequencer/ui/effects/custom-ui-lego.lisp
ui-adsr	eseq.effects.custom-ui-lego/ui-adsr	crates/sequencer/ui/effects/custom-ui-lego.lisp
ui-adsr-c	eseq.effects.custom-ui-lego/ui-adsr-c	crates/sequencer/ui/effects/custom-ui-lego.lisp
ui-adsr-compact-s	eseq.effects.custom-ui-lego/ui-adsr-compact-s	crates/sequencer/ui/effects/custom-ui-lego.lisp
ui-adsr-compact-switch-s	eseq.effects.custom-ui-lego/ui-adsr-compact-switch-s	crates/sequencer/ui/effects/custom-ui-lego.lisp
ui-adsr-number-s	eseq.effects.custom-ui-lego/ui-adsr-number-s	crates/sequencer/ui/effects/custom-ui-lego.lisp
ui-adsr-switch	eseq.effects.custom-ui-lego/ui-adsr-switch	crates/sequencer/ui/effects/custom-ui-lego.lisp
ui-adsr-switch-c	eseq.effects.custom-ui-lego/ui-adsr-switch-c	crates/sequencer/ui/effects/custom-ui-lego.lisp
ui-control-block-dense-s	eseq.effects.custom-ui-lego/ui-control-block-dense-s	crates/sequencer/ui/effects/custom-ui-lego.lisp
ui-control-block-full	eseq.effects.custom-ui-lego/ui-control-block-full	crates/sequencer/ui/effects/custom-ui-lego.lisp
ui-control-block-full-s	eseq.effects.custom-ui-lego/ui-control-block-full-s	crates/sequencer/ui/effects/custom-ui-lego.lisp
ui-control-block-medium	eseq.effects.custom-ui-lego/ui-control-block-medium	crates/sequencer/ui/effects/custom-ui-lego.lisp
ui-control-block-medium-s	eseq.effects.custom-ui-lego/ui-control-block-medium-s	crates/sequencer/ui/effects/custom-ui-lego.lisp
ui-control-block-medium-wide-s	eseq.effects.custom-ui-lego/ui-control-block-medium-wide-s	crates/sequencer/ui/effects/custom-ui-lego.lisp
ui-control-block-small	eseq.effects.custom-ui-lego/ui-control-block-small	crates/sequencer/ui/effects/custom-ui-lego.lisp
ui-control-block-small-s	eseq.effects.custom-ui-lego/ui-control-block-small-s	crates/sequencer/ui/effects/custom-ui-lego.lisp
ui-control-block-small-wide-s	eseq.effects.custom-ui-lego/ui-control-block-small-wide-s	crates/sequencer/ui/effects/custom-ui-lego.lisp
ui-control-panel-dense-s	eseq.effects.custom-ui-lego/ui-control-panel-dense-s	crates/sequencer/ui/effects/custom-ui-lego.lisp
ui-control-panel-medium-s	eseq.effects.custom-ui-lego/ui-control-panel-medium-s	crates/sequencer/ui/effects/custom-ui-lego.lisp
ui-control-panel-small-s	eseq.effects.custom-ui-lego/ui-control-panel-small-s	crates/sequencer/ui/effects/custom-ui-lego.lisp
ui-detail-adsr-body-x-s	eseq.effects.custom-ui-lego/ui-detail-adsr-body-x-s	crates/sequencer/ui/effects/custom-ui-lego.lisp
ui-detail-adsr-divider	eseq.effects.custom-ui-lego/ui-detail-adsr-divider	crates/sequencer/ui/effects/custom-ui-lego.lisp
ui-detail-adsr-s	eseq.effects.custom-ui-lego/ui-detail-adsr-s	crates/sequencer/ui/effects/custom-ui-lego.lisp
ui-detail-adsr-switch-s	eseq.effects.custom-ui-lego/ui-detail-adsr-switch-s	crates/sequencer/ui/effects/custom-ui-lego.lisp
ui-detail-adsr-wide-switch-s	eseq.effects.custom-ui-lego/ui-detail-adsr-wide-switch-s	crates/sequencer/ui/effects/custom-ui-lego.lisp
ui-lego-adsr-s	eseq.effects.custom-ui-lego/ui-lego-adsr-s	crates/sequencer/ui/effects/custom-ui-lego.lisp
ui-lego-badge	eseq.effects.custom-ui-lego/ui-lego-badge	crates/sequencer/ui/effects/custom-ui-lego.lisp
ui-lego-badge-s	eseq.effects.custom-ui-lego/ui-lego-badge-s	crates/sequencer/ui/effects/custom-ui-lego.lisp
ui-lego-base-note	eseq.effects.custom-ui-lego/ui-lego-base-note	crates/sequencer/ui/effects/custom-ui-lego.lisp
ui-lego-big-knob-s	eseq.effects.custom-ui-lego/ui-lego-big-knob-s	crates/sequencer/ui/effects/custom-ui-lego.lisp
ui-lego-col-w	eseq.effects.custom-ui-lego/ui-lego-col-w	crates/sequencer/ui/effects/custom-ui-lego.lisp
ui-lego-column	eseq.effects.custom-ui-lego/ui-lego-column	crates/sequencer/ui/effects/custom-ui-lego.lisp
ui-lego-column-2	eseq.effects.custom-ui-lego/ui-lego-column-2	crates/sequencer/ui/effects/custom-ui-lego.lisp
ui-lego-column-full	eseq.effects.custom-ui-lego/ui-lego-column-full	crates/sequencer/ui/effects/custom-ui-lego.lisp
ui-lego-column-wide	eseq.effects.custom-ui-lego/ui-lego-column-wide	crates/sequencer/ui/effects/custom-ui-lego.lisp
ui-lego-column-wide-2	eseq.effects.custom-ui-lego/ui-lego-column-wide-2	crates/sequencer/ui/effects/custom-ui-lego.lisp
ui-lego-column-wide-full	eseq.effects.custom-ui-lego/ui-lego-column-wide-full	crates/sequencer/ui/effects/custom-ui-lego.lisp
ui-lego-dense-h	eseq.effects.custom-ui-lego/ui-lego-dense-h	crates/sequencer/ui/effects/custom-ui-lego.lisp
ui-lego-divider	eseq.effects.custom-ui-lego/ui-lego-divider	crates/sequencer/ui/effects/custom-ui-lego.lisp
ui-lego-fader-s	eseq.effects.custom-ui-lego/ui-lego-fader-s	crates/sequencer/ui/effects/custom-ui-lego.lisp
ui-lego-full-h	eseq.effects.custom-ui-lego/ui-lego-full-h	crates/sequencer/ui/effects/custom-ui-lego.lisp
ui-lego-gap	eseq.effects.custom-ui-lego/ui-lego-gap	crates/sequencer/ui/effects/custom-ui-lego.lisp
ui-lego-header-s	eseq.effects.custom-ui-lego/ui-lego-header-s	crates/sequencer/ui/effects/custom-ui-lego.lisp
ui-lego-knob	eseq.effects.custom-ui-lego/ui-lego-knob	crates/sequencer/ui/effects/custom-ui-lego.lisp
ui-lego-knob-s	eseq.effects.custom-ui-lego/ui-lego-knob-s	crates/sequencer/ui/effects/custom-ui-lego.lisp
ui-lego-matrix-s	eseq.effects.custom-ui-lego/ui-lego-matrix-s	crates/sequencer/ui/effects/custom-ui-lego.lisp
ui-lego-medium-h	eseq.effects.custom-ui-lego/ui-lego-medium-h	crates/sequencer/ui/effects/custom-ui-lego.lisp
ui-lego-micro-base-note-s	eseq.effects.custom-ui-lego/ui-lego-micro-base-note-s	crates/sequencer/ui/effects/custom-ui-lego.lisp
ui-lego-micro-num-s	eseq.effects.custom-ui-lego/ui-lego-micro-num-s	crates/sequencer/ui/effects/custom-ui-lego.lisp
ui-lego-micro-option-s	eseq.effects.custom-ui-lego/ui-lego-micro-option-s	crates/sequencer/ui/effects/custom-ui-lego.lisp
ui-lego-micro-toggle-s	eseq.effects.custom-ui-lego/ui-lego-micro-toggle-s	crates/sequencer/ui/effects/custom-ui-lego.lisp
ui-lego-mode-tab-s	eseq.effects.custom-ui-lego/ui-lego-mode-tab-s	crates/sequencer/ui/effects/custom-ui-lego.lisp
ui-lego-num	eseq.effects.custom-ui-lego/ui-lego-num	crates/sequencer/ui/effects/custom-ui-lego.lisp
ui-lego-num-s	eseq.effects.custom-ui-lego/ui-lego-num-s	crates/sequencer/ui/effects/custom-ui-lego.lisp
ui-lego-option	eseq.effects.custom-ui-lego/ui-lego-option	crates/sequencer/ui/effects/custom-ui-lego.lisp
ui-lego-option-s	eseq.effects.custom-ui-lego/ui-lego-option-s	crates/sequencer/ui/effects/custom-ui-lego.lisp
ui-lego-panel-x-s	eseq.effects.custom-ui-lego/ui-lego-panel-x-s	crates/sequencer/ui/effects/custom-ui-lego.lisp
ui-lego-row	eseq.effects.custom-ui-lego/ui-lego-row	crates/sequencer/ui/effects/custom-ui-lego.lisp
ui-lego-sel-surface	eseq.effects.custom-ui-lego/ui-lego-sel-surface	crates/sequencer/ui/effects/custom-ui-lego.lisp
ui-lego-small-h	eseq.effects.custom-ui-lego/ui-lego-small-h	crates/sequencer/ui/effects/custom-ui-lego.lisp
ui-lego-strip-half-s	eseq.effects.custom-ui-lego/ui-lego-strip-half-s	crates/sequencer/ui/effects/custom-ui-lego.lisp
ui-lego-strip-panel-s	eseq.effects.custom-ui-lego/ui-lego-strip-panel-s	crates/sequencer/ui/effects/custom-ui-lego.lisp
ui-lego-strip-s	eseq.effects.custom-ui-lego/ui-lego-strip-s	crates/sequencer/ui/effects/custom-ui-lego.lisp
ui-lego-strip-w	eseq.effects.custom-ui-lego/ui-lego-strip-w	crates/sequencer/ui/effects/custom-ui-lego.lisp
ui-lego-tab-s	eseq.effects.custom-ui-lego/ui-lego-tab-s	crates/sequencer/ui/effects/custom-ui-lego.lisp
ui-lego-text-row-3	eseq.effects.custom-ui-lego/ui-lego-text-row-3	crates/sequencer/ui/effects/custom-ui-lego.lisp
ui-lego-text-row-4	eseq.effects.custom-ui-lego/ui-lego-text-row-4	crates/sequencer/ui/effects/custom-ui-lego.lisp
ui-lego-underline-tab	eseq.effects.custom-ui-lego/ui-lego-underline-tab	crates/sequencer/ui/effects/custom-ui-lego.lisp
ui-lego-vfader-s	eseq.effects.custom-ui-lego/ui-lego-vfader-s	crates/sequencer/ui/effects/custom-ui-lego.lisp
ui-panel	eseq.effects.custom-ui-sections/ui-panel	crates/sequencer/ui/effects/custom-ui-sections.lisp
ui-panel-bg	eseq.effects.custom-ui-sections/ui-panel-bg	crates/sequencer/ui/effects/custom-ui-sections.lisp
ui-panel-c	eseq.effects.custom-ui-controls/ui-panel-c	crates/sequencer/ui/effects/custom-ui-controls.lisp
ui-param-bound-value	eseq.effects.custom-ui-controls/ui-param-bound-value	crates/sequencer/ui/effects/custom-ui-controls.lisp
ui-param-control	eseq.effects.custom-ui-runtime/ui-param-control	crates/sequencer/ui/effects/custom-ui-runtime.lisp
ui-param-knob	eseq.effects.custom-ui-controls/ui-param-knob	crates/sequencer/ui/effects/custom-ui-controls.lisp
ui-param-knob-c	eseq.effects.custom-ui-controls/ui-param-knob-c	crates/sequencer/ui/effects/custom-ui-controls.lisp
ui-param-matrix	eseq.effects.custom-ui-controls/ui-param-matrix	crates/sequencer/ui/effects/custom-ui-controls.lisp
ui-param-value	eseq.effects.custom-ui-controls/ui-param-value	crates/sequencer/ui/effects/custom-ui-controls.lisp
ui-rack	eseq.effects.custom-ui-lego/ui-rack	crates/sequencer/ui/effects/custom-ui-lego.lisp
ui-readout-block-dense-s	eseq.effects.custom-ui-lego/ui-readout-block-dense-s	crates/sequencer/ui/effects/custom-ui-lego.lisp
ui-readout-block-full	eseq.effects.custom-ui-lego/ui-readout-block-full	crates/sequencer/ui/effects/custom-ui-lego.lisp
ui-readout-block-medium	eseq.effects.custom-ui-lego/ui-readout-block-medium	crates/sequencer/ui/effects/custom-ui-lego.lisp
ui-readout-block-small	eseq.effects.custom-ui-lego/ui-readout-block-small	crates/sequencer/ui/effects/custom-ui-lego.lisp
ui-readout-block-small-s	eseq.effects.custom-ui-lego/ui-readout-block-small-s	crates/sequencer/ui/effects/custom-ui-lego.lisp
ui-readout-block-small-wide-s	eseq.effects.custom-ui-lego/ui-readout-block-small-wide-s	crates/sequencer/ui/effects/custom-ui-lego.lisp
ui-readout-panel-dense-s	eseq.effects.custom-ui-lego/ui-readout-panel-dense-s	crates/sequencer/ui/effects/custom-ui-lego.lisp
ui-readout-panel-medium-s	eseq.effects.custom-ui-lego/ui-readout-panel-medium-s	crates/sequencer/ui/effects/custom-ui-lego.lisp
ui-readout-panel-small-s	eseq.effects.custom-ui-lego/ui-readout-panel-small-s	crates/sequencer/ui/effects/custom-ui-lego.lisp
ui-section	eseq.effects.custom-ui-sections/ui-section	crates/sequencer/ui/effects/custom-ui-sections.lisp
ui-section-select-callback	eseq.effects.custom-ui-sections/ui-section-select-callback	crates/sequencer/ui/effects/custom-ui-sections.lisp
ui-select-section	eseq.effects.custom-ui-sections/ui-select-section	crates/sequencer/ui/effects/custom-ui-sections.lisp
ui-set-param	eseq.effects.custom-ui-controls/ui-set-param	crates/sequencer/ui/effects/custom-ui-controls.lisp
visible-page	eseq.seq-core-state/visible-page	crates/sequencer/ui/seq-core-state.lisp
